{
  "hws": {
    "rows": 220800,
    "columns": 18,
    "memory_mb": 132.69036293029785
  },
  "icn": {
    "rows": 437200,
    "columns": 18,
    "memory_mb": 263.3021640777588
  },
  "kum": {
    "rows": 129800,
    "columns": 18,
    "memory_mb": 78.6617546081543
  },
  "ygs": {
    "rows": 132200,
    "columns": 18,
    "memory_mb": 79.59979248046875
  }
}