{
  "explained_variance_ratio": [
    0.4081346946393347,
    0.18412414928888612,
    0.16694425370737292,
    0.11242521178363338,
    0.0675367748389887,
    0.06083491574178387,
    1.1266102600026355e-16,
    0.0,
    0.0
  ],
  "cumulative_variance": [
    0.4081346946393347,
    0.5922588439282208,
    0.7592030976355937,
    0.8716283094192271,
    0.9391650842582158,
    0.9999999999999997,
    0.9999999999999998,
    0.9999999999999998,
    0.9999999999999998
  ],
  "components_for_80_percent": 4,
  "total_features": 9
}